{
  "name": "Custom Weapon Models",
  "description": "Allows changing the visual model of equipped weapon to a preferred style.",
  "author": "Rooam Lee",
  "website": "https://github.com/leewr9/diablo2r-mods/tree/master/mods/CustomWeaponModels",
  "version": "1.0",
  "config": [
    {
      "id": "oneHandStyle",
      "type": "select",
      "name": "One Hand Style",
      "description": "Select the appearance style for one handed weapons. Default means no style change.",
      "defaultValue": "default",
      "options": [
        {
          "value": "default",
          "label": "Default (Original Appearance)",
          "description": "Do not modify the value."
        },
        { "value": "knife\\dagger", "label": "Dagger" },
        { "value": "knife\\dirk", "label": "Dirk" },
        { "value": "knife\\kriss", "label": "Kriss" },
        { "value": "knife\\blade", "label": "Blade" },
        { "value": "knife\\stormspike", "label": "Stormspike (Unique)" },
        {
          "value": "knife\\the_jade_tan_do",
          "label": "The Jade Tan Do (Unique)"
        },
        { "value": "knife\\gidbinn", "label": "Gidbinn (Quest)" },

        { "value": "sword\\short_sword", "label": "Short Sword" },
        { "value": "sword\\scimitar", "label": "Scimitar" },
        { "value": "sword\\saber", "label": "Saber" },
        { "value": "sword\\falchion", "label": "Falchion" },
        { "value": "sword\\crystal_sword", "label": "Crystal Sword" },
        { "value": "sword\\broad_sword", "label": "Broad Sword" },
        { "value": "sword\\long_sword", "label": "Long Sword" },
        { "value": "sword\\war_sword", "label": "War Sword" },
        {
          "value": "sword\\blood_crescent",
          "label": "Blood Crescent (Unique)"
        },
        { "value": "sword\\ginthers_rift", "label": "Ginthers Rift (Unique)" },
        { "value": "sword\\gleamscythe", "label": "Gleamscythe (Unique)" },
        {
          "value": "sword\\griswolds_edge",
          "label": "Griswolds Edge (Unique)"
        },
        { "value": "sword\\hellplague", "label": "Hellplague (Unique)" },
        { "value": "sword\\hexfire", "label": "Hexfire (Unique)" },
        {
          "value": "sword\\krintizs_skewer",
          "label": "Krintizs Skewer (Unique)"
        },
        { "value": "sword\\lightsabre", "label": "Lightsabre (Unique)" },
        { "value": "sword\\plague_bearer", "label": "Plague Bearer (Unique)" },

        { "value": "axe\\hand_axe", "label": "Hand Axe" },
        { "value": "axe\\axe", "label": "Axe" },
        { "value": "axe\\double_axe", "label": "Double Axe" },
        { "value": "axe\\military_pick", "label": "Military Pick" },
        { "value": "axe\\war_axe", "label": "War Axe" },
        { "value": "axe\\the_gnasher", "label": "The Gnasher (Unique)" },
        { "value": "axe\\deathspade", "label": "Deathspade (Unique)" },
        { "value": "axe\\mindrend", "label": "Mindrend (Unique)" },

        { "value": "club\\club", "label": "Club" },
        { "value": "club\\spiked_club", "label": "Spiked Club" },
        { "value": "mace\\mace", "label": "Mace" },
        { "value": "mace\\morning_star", "label": "Morning Star" },
        { "value": "mace\\flail", "label": "Flail" },
        { "value": "hammer\\war_hammer", "label": "War Hammer" },
        { "value": "club\\felloak", "label": "Felloak (Unique)" },
        { "value": "club\\stoutnail", "label": "Stoutnail (Unique)" },
        { "value": "mace\\bloodrise", "label": "Bloodrise (Unique)" },
        {
          "value": "mace\\dangoons_teaching",
          "label": "Dangoons Teaching (Heaven's Brethren)"
        },
        { "value": "club\\wirts_leg", "label": "Wirts (Quest)" },
        {
          "value": "hammer\\horadric_malus",
          "label": "Horadric Malus (Quest)"
        },
        { "value": "mace\\khalim_flail", "label": "Khalim Flail (Quest)" },
        {
          "value": "mace\\super_khalim_flail",
          "label": "Super Khalim Flail (Quest)"
        },
        {
          "value": "hammer\\hellforge_hammer",
          "label": "Hellforge Hammer (Quest)"
        },

        { "value": "scepter\\scepter", "label": "Scepter" },
        { "value": "scepter\\grand_scepter", "label": "Grand Scepter" },
        { "value": "scepter\\war_scepter", "label": "War Scepter" },

        { "value": "wand\\wand", "label": "Wand" },
        { "value": "wand\\yew_wand", "label": "Yew Wand" },
        { "value": "wand\\bone_wand", "label": "Bone Wand" },
        { "value": "wand\\grim_wand", "label": "Grim Wand" },
        { "value": "wand\\iros_torch", "label": "Torch of Iro (Unique)" },
        { "value": "wand\\gravenspine", "label": "Gravenspine (Unique)" },
        { "value": "wand\\blackhand_key", "label": "Blackhand Key (Unique)" },
        { "value": "orb\\eagle_orb", "label": "Eagle Orb (Sorceress)" },
        { "value": "orb\\sacred_globe", "label": "Sacred Globe (Sorceress)" },
        { "value": "orb\\smoked_sphere", "label": "Smoked Sphere (Sorceress)" },
        { "value": "orb\\clasped_orb", "label": "Clasped Orb (Sorceress)" },
        { "value": "orb\\dragon_stone", "label": "Jareds Stone (Sorceress)" },

        { "value": "knife\\throwing_knife", "label": "Throwing Knife" },
        { "value": "axe\\throwing_axe", "label": "Throwing Axe" },
        { "value": "knife\\balanced_knife", "label": "Balanced Knife" },
        { "value": "axe\\balanced_axe", "label": "Balanced Axe" },
        { "value": "knife\\warshrike", "label": "Warshrike (Unique)" },

        { "value": "javelin\\javelin", "label": "Javelin" },
        { "value": "javelin\\pilum", "label": "Pilum" },
        { "value": "javelin\\short_spear", "label": "Short Spear" },
        { "value": "javelin\\glaive", "label": "Glaive" },
        { "value": "javelin\\throwing_spear", "label": "Throwing Spear" },
        {
          "value": "javelin\\maiden_javelin",
          "label": "Maiden Javelin (Amazon)"
        },

        {
          "value": "potion\\fulminating_potion",
          "label": "Fulminating Potion"
        },
        { "value": "potion\\exploding_potion", "label": "Exploding Potion" },
        { "value": "potion\\oil_potion", "label": "Oil Potion" },
        {
          "value": "potion\\strangling_gas_potion",
          "label": "Strangling Gas Potion"
        },
        {
          "value": "potion\\choking_gas_potion",
          "label": "Choking Gas Potion"
        },
        { "value": "potion\\rancid_gas_potion", "label": "Rancid Gas Potion" }
      ]
    },
    {
      "id": "twoHandStyle",
      "type": "select",
      "name": "Two Hand Style",
      "description": "Select the appearance style for two handed weapons. Default means no style change.",
      "defaultValue": "default",
      "options": [
        {
          "value": "default",
          "label": "Default (Original Appearance)",
          "description": "Do not modify the value."
        },
        { "value": "sword\\two_handed_sword", "label": "Two Handed Sword" },
        { "value": "sword\\claymore", "label": "Claymore" },
        { "value": "sword\\giant_sword", "label": "Giant Sword" },
        { "value": "sword\\bastard_sword", "label": "Bastard Sword" },
        { "value": "sword\\flamberge", "label": "Flamberge" },
        { "value": "sword\\great_sword", "label": "Great Sword" },
        { "value": "sword\\blacktongue", "label": "Blacktongue (Unique)" },
        { "value": "sword\\kinemils_awl", "label": "Kinemils Awl (Unique)" },
        { "value": "sword\\shadowfang", "label": "Shadowfang (Unique)" },
        { "value": "sword\\the_patriarch", "label": "The Patriarch (Unique)" },
        {
          "value": "sword\\todesfaelle_flamme",
          "label": "Todesfaelle Flamme (Unique)"
        },

        { "value": "axe\\large_axe", "label": "Large Axe" },
        { "value": "axe\\broad_axe", "label": "Broad Axe" },
        { "value": "axe\\battle_axe", "label": "Battle Axe" },
        { "value": "axe\\great_axe", "label": "Great Axe" },
        { "value": "axe\\giant_axe", "label": "Giant Axe" },
        { "value": "axe\\stormrider", "label": "Stormrider (Unique)" },
        { "value": "axe\\the_minataur", "label": "The Minotaur (Unique)" },
        { "value": "axe\\brainhew", "label": "Brainhew (Unique)" },
        { "value": "axe\\the_chieftan", "label": "The Chieftain (Unique)" },

        { "value": "hammer\\maul", "label": "Maul" },
        { "value": "hammer\\great_maul", "label": "Great Maul" },
        { "value": "hammer\\bonesob", "label": "Bonesob (Unique)" },
        {
          "value": "hammer\\the_gavel_of_pain",
          "label": "The Gavel Of Pain (Unique)"
        },

        { "value": "staff\\short_staff", "label": "Short Staff" },
        { "value": "staff\\long_staff", "label": "Long Staff" },
        { "value": "staff\\gnarled_staff", "label": "Gnarled Staff" },
        { "value": "staff\\battle_staff", "label": "Battle Staff" },
        { "value": "staff\\war_staff", "label": "War Staff" },
        { "value": "staff\\horadric_staff", "label": "Horadric Staff" },
        {
          "value": "staff\\lazarus_spire",
          "label": "Spire of Lazarus (Unique)"
        },
        {
          "value": "staff\\skullcollector",
          "label": "Skull Collector (Unique)"
        },
        {
          "value": "staff\\staff_of_the_kings",
          "label": "Staff of Kings (Quest)"
        },

        { "value": "spear\\spear", "label": "Spear" },
        { "value": "spear\\trident", "label": "Trident" },
        { "value": "spear\\brandistock", "label": "Brandistock" },
        { "value": "spear\\spetum", "label": "Spetum" },
        { "value": "spear\\pike", "label": "Pike" },
        { "value": "spear\\razortine", "label": "Razortine (Unique)" },
        {
          "value": "spear\\soulfeast_tine",
          "label": "Soulfeast Tine (Unique)"
        },
        { "value": "spear\\maiden_spear", "label": "Maiden Spear (Amazon)" },
        { "value": "spear\\maiden_pike", "label": "Maiden Pike (Amazon)" },

        { "value": "polearm\\bardiche", "label": "Bardiche" },
        { "value": "polearm\\voulge", "label": "Voulge" },
        { "value": "polearm\\scythe", "label": "Scythe" },
        { "value": "polearm\\poleaxe", "label": "Poleaxe" },
        { "value": "polearm\\halberd", "label": "Halberd" },
        { "value": "polearm\\war_scythe", "label": "War Scythe" },
        {
          "value": "polearm\\athenas_wrath",
          "label": "Athenas Wrath (Unique)"
        },
        { "value": "polearm\\soul_harvest", "label": "Soul Harvest (Unique)" }
      ]
    },
    {
      "id": "bowStyle",
      "type": "select",
      "name": "Bow Style",
      "description": "Select the appearance style for bows. Default means no style change.",
      "defaultValue": "default",
      "options": [
        {
          "value": "default",
          "label": "Default (Original Appearance)",
          "description": "Do not modify the value."
        },
        { "value": "bow\\short_bow", "label": "Short Bow" },
        { "value": "bow\\hunters_bow", "label": "Hunters Bow" },
        { "value": "bow\\long_bow", "label": "Long Bow" },
        { "value": "bow\\composite_bow", "label": "Composite Bow" },
        { "value": "bow\\short_battle_bow", "label": "Short Battle Bow" },
        { "value": "bow\\long_battle_bow", "label": "Long Battle Bow" },
        { "value": "bow\\short_war_bow", "label": "Short War Bow" },
        { "value": "bow\\long_war_bow", "label": "Long War Bow" },
        { "value": "bow\\hellclap", "label": "Hellclap (Unique)" },
        { "value": "bow\\kuko_shakaku", "label": "Kuko Shakaku (Unique)" },
        {
          "value": "bow\\whichwild_string",
          "label": "Witchwild String (Unique)"
        },
        { "value": "bow\\stag_bow", "label": "Stag Bow (Amazon)" },
        { "value": "bow\\reflex_bow", "label": "Reflex Bow (Amazon)" },

        { "value": "bow\\light_crossbow", "label": "Light Crossbow" },
        { "value": "bow\\crossbow", "label": "Crossbow" },
        { "value": "bow\\heavy_crossbow", "label": "Heavy Crossbow" },
        { "value": "bow\\repeating_crossbow", "label": "Repeating Crossbow" },
        { "value": "bow\\doomspittle", "label": "Doomspittle (Unique)" },
        { "value": "bow\\leadcrow", "label": "Leadcrow (Unique)" },
        { "value": "bow\\ichorsting", "label": "Ichorsting (Unique)" },
        { "value": "bow\\hellcast", "label": "Hellcast (Unique)" },
        { "value": "bow\\pus_spiter", "label": "Pus Spitter (Unique)" },
        { "value": "bow\\langer_briser", "label": "Langer Briser (Unique)" }
      ]
    },
    {
      "id": "clawStyle",
      "type": "select",
      "name": "Claw Style",
      "description": "Select the appearance style for assassin claws. Default means no style change.",
      "defaultValue": "default",
      "options": [
        {
          "value": "default",
          "label": "Default (Original Appearance)",
          "description": "Do not modify the value."
        },
        { "value": "h2h\\katar", "label": "Katar (Assassin)" },
        { "value": "h2h\\hatchet_hands", "label": "Hatchet Hands (Assassin)" },
        { "value": "h2h\\claws", "label": "Claws (Assassin)" },
        {
          "value": "h2h\\scissors_katar",
          "label": "Scissors Katar (Assassin)"
        },
        {
          "value": "h2h\\natalyas_mark",
          "label": "Natalyas Mark (Natalya's Odium)"
        }
      ]
    },
    {
      "id": "inventoryStyleEnabled",
      "type": "checkbox",
      "name": "Apply Style in Inventory",
      "description": "Apply the selected style changes also in the inventory view.",
      "defaultValue": false
    }
  ]
}
