{
  "name": "Custom Armor Models",
  "description": "Allows changing the visual model of equipped armor to a preferred style.",
  "author": "Rooam Lee",
  "website": "https://github.com/leewr9/diablo2r-mods/tree/master/mods/CustomArmorModels",
  "version": "1.3",
  "config": [
    {
      "id": "armorStyle",
      "type": "select",
      "name": "Armor Style",
      "description": "Select the appearance style for armor. Default means no style change.",
      "defaultValue": "default",
      "options": [
        {
          "value": "default",
          "label": "Default (Original Appearance)",
          "description": "Do not modify the value."
        },
        { "value": "armor\\quilted_armor", "label": "Quilted Armor" },
        { "value": "armor\\leather_armor", "label": "Leather Armor" },
        { "value": "armor\\hard_leather_armor", "label": "Hard Leather Armor" },
        { "value": "armor\\studded_leather", "label": "Studded Leather" },
        { "value": "armor\\ring_mail", "label": "Ring Mail" },
        { "value": "armor\\scale_mail", "label": "Scale Mail" },
        { "value": "armor\\chain_mail", "label": "Chain Mail" },
        { "value": "armor\\splint_mail", "label": "Splint Mail" },
        { "value": "armor\\breast_plate", "label": "Breast Plate" },
        { "value": "armor\\light_plate", "label": "Light Plate" },
        { "value": "armor\\plate_mail", "label": "Plate Mail" },
        { "value": "armor\\field_plate", "label": "Field Plate" },
        { "value": "armor\\gothic_plate", "label": "Gothic Plate" },
        { "value": "armor\\full_plate_mail", "label": "Full Plate Mail" },
        { "value": "armor\\ancient_armor", "label": "Ancient Armor" }
      ]
    },
    {
      "id": "armorColor",
      "type": "select",
      "name": "Unique/Set Armor Color",
      "description": "Select the color for unique or set armor only. Default means no color change.",
      "defaultValue": "default",
      "options": [
        {
          "value": "default",
          "label": "Default (Original Color)",
          "description": "Do not modify the value."
        },
        { "value": "whit", "label": "White" },
        { "value": "lgry", "label": "Light Grey" },
        { "value": "dgry", "label": "Dark Grey" },
        { "value": "blac", "label": "Black" },
        { "value": "lblu", "label": "Light Blue" },
        { "value": "dblu", "label": "Dark Blue" },
        { "value": "cblu", "label": "Crystal Blue" },
        { "value": "lred", "label": "Light Red" },
        { "value": "dred", "label": "Dark Red" },
        { "value": "cred", "label": "Crystal Red" },
        { "value": "lgrn", "label": "Light Green" },
        { "value": "dgrn", "label": "Dark Green" },
        { "value": "cgrn", "label": "Crystal Green" },
        { "value": "lyel", "label": "Light Yellow" },
        { "value": "dyel", "label": "Dark Yellow" },
        { "value": "lgld", "label": "Light Gold" },
        { "value": "dgld", "label": "Dark Gold" },
        { "value": "lpur", "label": "Light Purple" },
        { "value": "dpur", "label": "Dark Purple" },
        { "value": "oran", "label": "Orange" },
        { "value": "bwht", "label": "Bright White" }
      ]
    },
    {
      "id": "helmetStyle",
      "type": "select",
      "name": "Helmet Style",
      "description": "Select the appearance style for helmets. Default means no style change.",
      "defaultValue": "default",
      "options": [
        {
          "value": "default",
          "label": "Default (Original Appearance)",
          "description": "Do not modify the value."
        },
        { "value": "helmet\\cap_hat", "label": "Cap Hat" },
        { "value": "helmet\\skull_cap", "label": "Skull Cap" },
        { "value": "helmet\\helm", "label": "Helm" },
        { "value": "helmet\\full_helm", "label": "Full Helm" },
        { "value": "helmet\\bone_helm", "label": "Bone Helm" },
        { "value": "helmet\\mask", "label": "Mask" },
        { "value": "helmet\\great_helm", "label": "Great Helm" },
        { "value": "helmet\\crown", "label": "Crown" },
        { "value": "circlet\\circlet", "label": "Circlet" },
        { "value": "circlet\\coronet", "label": "Coronet" },
        { "value": "circlet\\tiar", "label": "Tiar" },
        { "value": "circlet\\diadem", "label": "Diadem" },
        { "value": "helmet\\war_bonnet", "label": "War Bonnet (Unique)" },
        { "value": "helmet\\coif_of_glory", "label": "Coif of Glory (Unique)" },
        { "value": "helmet\\duskdeep", "label": "Duskdeep (Unique)" },
        { "value": "helmet\\wormskull", "label": "Wormskull (Unique)" },
        {
          "value": "helmet\\crown_of_thieves",
          "label": "Crown of Thieves (Unique)"
        },
        { "value": "helmet\\rockstopper", "label": "Rockstopper (Unique)" },
        {
          "value": "helmet\\ondals_almighty",
          "label": "Ondals Almighty (Heaven's Brethren)"
        },
        { "value": "pelt\\wolf_head", "label": "Wolf Head (Druid)" },
        { "value": "pelt\\hawk_helm", "label": "Hawk Helm (Druid)" },
        { "value": "pelt\\antlers", "label": "Antlers (Druid)" },
        { "value": "pelt\\falcon_mask", "label": "Falcon Mask (Druid)" },
        { "value": "pelt\\spirit_mask", "label": "Spirit Mask (Druid)" },
        { "value": "helmet\\jawbone_cap", "label": "Jawbone Cap (Barbarian)" },
        { "value": "helmet\\horned_helm", "label": "Horned Helm (Barbarian)" },
        { "value": "helmet\\fanged_helm", "label": "Fanged Helm (Barbarian)" },
        {
          "value": "helmet\\assault_helmet",
          "label": "Assault Helmet (Barbarian)"
        },
        {
          "value": "helmet\\avenger_guard",
          "label": "Avenger Guard (Barbarian)"
        }
      ]
    },
    {
      "id": "helmetColor",
      "type": "select",
      "name": "Unique/Set Helmet Color",
      "description": "Select the color for unique or set helmet only. Default means no color change.",
      "defaultValue": "default",
      "options": [
        {
          "value": "default",
          "label": "Default (Original Color)",
          "description": "Do not modify the value."
        },
        { "value": "whit", "label": "White" },
        { "value": "lgry", "label": "Light Grey" },
        { "value": "dgry", "label": "Dark Grey" },
        { "value": "blac", "label": "Black" },
        { "value": "lblu", "label": "Light Blue" },
        { "value": "dblu", "label": "Dark Blue" },
        { "value": "cblu", "label": "Crystal Blue" },
        { "value": "lred", "label": "Light Red" },
        { "value": "dred", "label": "Dark Red" },
        { "value": "cred", "label": "Crystal Red" },
        { "value": "lgrn", "label": "Light Green" },
        { "value": "dgrn", "label": "Dark Green" },
        { "value": "cgrn", "label": "Crystal Green" },
        { "value": "lyel", "label": "Light Yellow" },
        { "value": "dyel", "label": "Dark Yellow" },
        { "value": "lgld", "label": "Light Gold" },
        { "value": "dgld", "label": "Dark Gold" },
        { "value": "lpur", "label": "Light Purple" },
        { "value": "dpur", "label": "Dark Purple" },
        { "value": "oran", "label": "Orange" },
        { "value": "bwht", "label": "Bright White" }
      ]
    },
    {
      "id": "shieldStyle",
      "type": "select",
      "name": "Shield Style",
      "description": "Select the appearance style for shields. Default means no style change.",
      "defaultValue": "default",
      "options": [
        {
          "value": "default",
          "label": "Default (Original Appearance)",
          "description": "Do not modify the value."
        },
        { "value": "shield\\buckler", "label": "Buckler" },
        { "value": "shield\\small_shield", "label": "Small Shield" },
        { "value": "shield\\large_shield", "label": "Large Shield" },
        { "value": "shield\\kite_shield", "label": "Kite Shield" },
        { "value": "shield\\spiked_shield", "label": "Spiked Shield" },
        { "value": "shield\\tower_shield", "label": "Tower Shield" },
        { "value": "shield\\bone_shield", "label": "Bone Shield" },
        { "value": "shield\\gothic_shield", "label": "Gothic Shield" },
        { "value": "shield\\pelta_lunata", "label": "Pelta Lunata (Unique)" },
        { "value": "shield\\umbral_disk", "label": "Umbral Disk (Unique)" },
        { "value": "shield\\stormguild", "label": "Stormguild (Unique)" },
        { "value": "shield\\steelclash", "label": "Steelclash (Unique)" },
        {
          "value": "shield\\swordback_hold",
          "label": "Swordback Hold (Unique)"
        },
        { "value": "shield\\bverrit_keep", "label": "Bverrit Keep (Unique)" },
        {
          "value": "shield\\wall_of_the_eyeless",
          "label": "Wall of the Eyeless (Unique)"
        },
        { "value": "shield\\the_ward", "label": "The Ward (Unique)" },
        { "value": "shield\\stormchaser", "label": "Stormchaser (Unique)" },
        {
          "value": "shield\\mosers_blessed_circle",
          "label": "Mosers Blessed Circle (Unique)"
        },
        { "value": "shield\\lance_guard", "label": "Lance Guard (Unique)" },
        { "value": "shield\\lidless_wall", "label": "Lidless Wall (Unique)" },
        {
          "value": "shield\\heavens_taebaek",
          "label": "Heavens Taebaek (Heaven's Brethren)"
        },
        { "value": "shield\\arge", "label": "Targe (Paladin)" },
        { "value": "shield\\ondache", "label": "Rondache (Paladin)" },
        {
          "value": "shield\\eraldic_shield",
          "label": "Heraldic Shield (Paladin)"
        },
        { "value": "shield\\erin_shield", "label": "Aerin Shield (Paladin)" },
        { "value": "shield\\rown_shield", "label": "Crown Shield (Paladin)" },
        {
          "value": "voodoo_head\\demon_head",
          "label": "Demon Head (Necromancer)"
        },
        {
          "value": "voodoo_head\\gargoyle_head",
          "label": "Gargoyle Head (Necromancer)"
        },
        {
          "value": "voodoo_head\\preserved_head",
          "label": "Preserved Head (Necromancer)"
        },
        {
          "value": "voodoo_head\\unraveller_head",
          "label": "Unraveller Head (Necromancer)"
        },
        {
          "value": "voodoo_head\\zombie_head",
          "label": "Zombie Head (Necromancer)"
        }
      ]
    },
    {
      "id": "shieldColor",
      "type": "select",
      "name": "Unique/Set Shield Color",
      "description": "Select the color for unique or set shield only. Default means no color change.",
      "defaultValue": "default",
      "options": [
        {
          "value": "default",
          "label": "Default (Original Color)",
          "description": "Do not modify the value."
        },
        { "value": "whit", "label": "White" },
        { "value": "lgry", "label": "Light Grey" },
        { "value": "dgry", "label": "Dark Grey" },
        { "value": "blac", "label": "Black" },
        { "value": "lblu", "label": "Light Blue" },
        { "value": "dblu", "label": "Dark Blue" },
        { "value": "cblu", "label": "Crystal Blue" },
        { "value": "lred", "label": "Light Red" },
        { "value": "dred", "label": "Dark Red" },
        { "value": "cred", "label": "Crystal Red" },
        { "value": "lgrn", "label": "Light Green" },
        { "value": "dgrn", "label": "Dark Green" },
        { "value": "cgrn", "label": "Crystal Green" },
        { "value": "lyel", "label": "Light Yellow" },
        { "value": "dyel", "label": "Dark Yellow" },
        { "value": "lgld", "label": "Light Gold" },
        { "value": "dgld", "label": "Dark Gold" },
        { "value": "lpur", "label": "Light Purple" },
        { "value": "dpur", "label": "Dark Purple" },
        { "value": "oran", "label": "Orange" },
        { "value": "bwht", "label": "Bright White" }
      ]
    },
    {
      "id": "inventoryStyleEnabled",
      "type": "checkbox",
      "name": "Apply Style in Inventory",
      "description": "Apply the selected style changes also in the inventory view.",
      "defaultValue": false
    }
  ]
}
