{
  "name": "Custom Armor Models",
  "description": "Allows changing the visual model of equipped armor to a preferred style.",
  "author": "Rooam Lee",
  "website": "https://github.com/leewr9/diablo2r-mods/tree/master/mods/CustomArmorModels",
  "version": "1.1",
  "config": [
    {
      "id": "ArmorStyle",
      "type": "select",
      "name": "Armor Style",
      "defaultValue": "Default",
      "options": [
        {
          "value": "Default",
          "label": "Default (Original Appearance)",
          "description": "Do not modify the value."
        },
        { "value": "Quilted Armor", "label": "Quilted Armor" },
        { "value": "Leather Armor", "label": "Leather Armor" },
        { "value": "Hard Leather Armor", "label": "Hard Leather Armor" },
        { "value": "Studded Leather", "label": "Studded Leather" },
        { "value": "Ring Mail", "label": "Ring Mail" },
        { "value": "Scale Mail", "label": "Scale Mail" },
        { "value": "Chain Mail", "label": "Chain Mail" },
        { "value": "Splint Mail", "label": "Splint Mail" },
        { "value": "Breast Plate", "label": "Breast Plate" },
        { "value": "Light Plate", "label": "Light Plate" },
        { "value": "Plate Mail", "label": "Plate Mail" },
        { "value": "Field Plate", "label": "Field Plate" },
        { "value": "Gothic Plate", "label": "Gothic Plate" },
        { "value": "Full Plate Mail", "label": "Full Plate Mail" },
        { "value": "Ancient Armor", "label": "Ancient Armor" }
      ]
    },
    {
      "id": "HelmetStyle",
      "type": "select",
      "name": "Helmet Style",
      "defaultValue": "Default",
      "options": [
        {
          "value": "Default",
          "label": "Default (Original Appearance)",
          "description": "Do not modify the value."
        },
        { "value": "cap_hat", "label": "Cap Hat" },
        { "value": "skull_cap", "label": "Skull Cap" },
        { "value": "helm", "label": "Helm" },
        { "value": "full_helm", "label": "Full Helm" },
        { "value": "bone_helm", "label": "Bone Helm" },
        { "value": "mask", "label": "Mask" },
        { "value": "great_helm", "label": "Great Helm" },
        { "value": "crown", "label": "Crown" },
        { "value": "circlet", "label": "Circlet" },
        { "value": "coronet", "label": "Coronet" },
        { "value": "tiar", "label": "Tiar" },
        { "value": "diadem", "label": "Diadem" },
        { "value": "war_bonnet", "label": "War Bonnet (Unique)" },
        { "value": "coif_of_glory", "label": "Coif of Glory (Unique)" },
        { "value": "duskdeep", "label": "Duskdeep (Unique)" },
        { "value": "wormskull", "label": "Wormskull (Unique)" },
        { "value": "crown_of_thieves", "label": "Crown of Thieves (Unique)" },
        { "value": "rockstopper", "label": "Rockstopper (Unique)" },
        { "value": "ondals_almighty", "label": "Ondals Almighty (Heaven's Brethren)" },
        { "value": "wolf_head", "label": "Wolf Head (Druid)" },
        { "value": "hawk_helm", "label": "Hawk Helm (Druid)" },
        { "value": "antlers", "label": "Antlers (Druid)" },
        { "value": "falcon_mask", "label": "Falcon Mask (Druid)" },
        { "value": "spirit_mask", "label": "Spirit Mask (Druid)" },
        { "value": "jawbone_cap", "label": "Jawbone Cap (Barbarian)" },
        { "value": "horned_helm", "label": "Horned Helm (Barbarian)" },
        { "value": "fanged_helm", "label": "Fanged Helm (Barbarian)" },
        { "value": "assault_helmet", "label": "Assault Helmet (Barbarian)" },
        { "value": "avenger_guard", "label": "Avenger Guard (Barbarian)" }
      ]
    },
    {
      "id": "ShieldStyle",
      "type": "select",
      "name": "Shield Style",
      "defaultValue": "Default",
      "options": [
        {
          "value": "Default",
          "label": "Default (Original Appearance)",
          "description": "Do not modify the value."
        },
        { "value": "buckler", "label": "Buckler" },
        { "value": "small_shield", "label": "Small Shield" },
        { "value": "large_shield", "label": "Large Shield" },
        { "value": "kite_shield", "label": "Kite Shield" },
        { "value": "spiked_shield", "label": "Spiked Shield" },
        { "value": "tower_shield", "label": "Tower Shield" },
        { "value": "bone_shield", "label": "Bone Shield" },
        { "value": "gothic_shield", "label": "Gothic Shield" },
        { "value": "pelta_lunata", "label": "Pelta Lunata (Unique)" },
        { "value": "umbral_disk", "label": "Umbral Disk (Unique)" },
        { "value": "stormguild", "label": "Stormguild (Unique)" },
        { "value": "steelclash", "label": "Steelclash (Unique)" },
        { "value": "swordback_hold", "label": "Swordback Hold (Unique)" },
        { "value": "bverrit_keep", "label": "Bverrit Keep (Unique)" },
        { "value": "wall_of_the_eyeless", "label": "Wall of the Eyeless (Unique)" },
        { "value": "the_ward", "label": "The Ward (Unique)" },
        { "value": "stormchaser", "label": "Stormchaser (Unique)" },
        { "value": "mosers_blessed_circle", "label": "Mosers Blessed Circle (Unique)" },
        { "value": "lance_guard", "label": "Lance Guard (Unique)" },
        { "value": "lidless_wall", "label": "Lidless Wall (Unique)" },
        { "value": "heavens_taebaek", "label": "Heavens Taebaek (Heaven's Brethren)" },
        { "value": "targe", "label": "Targe (Paladin)" },
        { "value": "rondache", "label": "Rondache (Paladin)" },
        { "value": "heraldic_shield", "label": "Heraldic Shield (Paladin)" },
        { "value": "aerin_shield", "label": "Aerin Shield (Paladin)" },
        { "value": "crown_shield", "label": "Crown Shield (Paladin)" },
        { "value": "demon_head", "label": "Demon Head (Necromancer)" },
        { "value": "gargoyle_head", "label": "Gargoyle Head (Necromancer)" },
        { "value": "preserved_head", "label": "Preserved Head (Necromancer)" },
        { "value": "unraveller_head", "label": "Unraveller Head (Necromancer)" },
        { "value": "zombie_head", "label": "Zombie Head (Necromancer)" }
      ]
    }
  ]
}
